,x,y,z,falff,reho,pcc,mpfc,lTPJ,rTPJ
0,25.0,25.0,25.0,0.6768166422843933,0.532942533493042,0.7464525103569031,0.7917269468307495,0.4616188406944275,-0.019652623683214188
